raw	location	id
01-iso-dates	client/src/app/chief/imports/page.tsx:44	F01-008
01-iso-dates	client/src/app/chief/imports/page.tsx:45	F01-008
01-iso-dates	client/src/app/chief/imports/page.tsx:48	F01-008
01-iso-dates	client/src/app/chief/imports/page.tsx:49	F01-008
01-iso-dates	client/tests/outbox.test.ts:235	F01-043
01-iso-dates	client/tests/outbox.test.ts:237	F01-043
01-iso-dates	client/tests/outbox.test.ts:245	F01-043
01-iso-dates	ops/backup/iam-policy.json:2	F01-041
01-iso-dates	server/prisma/seed.ts:50	F01-014
01-iso-dates	server/prisma/seed.ts:52	F01-014
01-iso-dates	server/prisma/seed.ts:58	F01-014
01-iso-dates	server/prisma/seed.ts:63	F01-014
01-iso-dates	server/prisma/seed.ts:205	F01-014
01-iso-dates	server/prisma/seed.ts:206	F01-014
01-iso-dates	server/tests/integration/admin.test.ts:453	F01-043
01-iso-dates	server/tests/integration/admin.test.ts:460	F01-043
01-iso-dates	server/tests/integration/attendance.test.ts:186	F01-043
01-iso-dates	server/tests/setup.ts:21	F01-043
01-iso-dates	server/tests/setup.ts:22	F01-043
01-iso-dates	server/tests/unit/attendance.test.ts:36	F01-043
01-iso-dates	server/tests/unit/settings.test.ts:50	F01-043
01-iso-dates	server/tests/unit/settings.test.ts:66	F01-043
01-iso-dates	server/tests/unit/settings.test.ts:119	F01-043
01-iso-dates	server/tests/unit/settings.test.ts:123	F01-043
01-iso-dates	server/tests/unit/time.test.ts:22	F01-043
01-iso-dates	server/tests/unit/time.test.ts:23	F01-043
01-iso-dates	server/tests/unit/time.test.ts:27	F01-043
01-iso-dates	server/tests/unit/time.test.ts:33	F01-043
01-iso-dates	server/tests/unit/time.test.ts:40	F01-043
01-iso-dates	server/tests/unit/time.test.ts:50	F01-043
01-iso-dates	server/tests/unit/time.test.ts:54	F01-043
01-iso-dates	server/tests/unit/time.test.ts:60	F01-043
01-iso-dates	server/tests/unit/time.test.ts:64	F01-043
01-iso-dates	server/tests/unit/time.test.ts:70	F01-043
01-iso-dates	server/tests/unit/time.test.ts:76	F01-043
01-iso-dates	server/tests/unit/time.test.ts:77	F01-043
01-iso-dates	server/tests/unit/time.test.ts:82	F01-043
01-iso-dates	server/tests/unit/time.test.ts:83	F01-043
01-iso-dates	server/tests/unit/time.test.ts:90	F01-043
01-iso-dates	server/tests/unit/time.test.ts:96	F01-043
02-years	client/.env.example:1	FP-meta
02-years	client/package.json:5	FP-meta
02-years	client/public/manifest.json:2	F01-005
02-years	client/public/manifest.json:4	F01-005
02-years	client/public/sw.js:16	F01-035
02-years	client/src/app/admin/settings/page.tsx:292	F01-001
02-years	client/src/app/capture/stamp/page.tsx:83	F01-036
02-years	client/src/app/chief/imports/page.tsx:44	F01-008
02-years	client/src/app/chief/imports/page.tsx:45	F01-008
02-years	client/src/app/chief/imports/page.tsx:48	F01-008
02-years	client/src/app/chief/imports/page.tsx:49	F01-008
02-years	client/src/app/home/page.tsx:21	F01-001
02-years	client/src/app/layout.tsx:8	F01-001
02-years	client/src/app/layout.tsx:9	F01-005
02-years	client/src/app/reports/page.tsx:72	F01-006
02-years	client/src/app/sign-in/page.tsx:86	F01-011
02-years	client/src/app/sign-in/page.tsx:110	F01-001
02-years	client/src/app/tv/page.tsx:98	F01-001
02-years	client/src/components/GlobalNav.tsx:61	F01-001
02-years	client/src/components/SectionNav.tsx:57	F01-001
02-years	client/src/content/brief.ts:11	F01-012
02-years	client/src/lib/outbox.ts:21	F01-035
02-years	client/src/lib/runtimeSettings.ts:46	F01-002
02-years	client/src/styles/globals.css:14	FP-comment
02-years	client/tests/e2e/a11y.spec.ts:82	F01-043
02-years	client/tests/e2e/a11y.spec.ts:89	F01-043
02-years	client/tests/e2e/a11y.spec.ts:97	F01-043
02-years	client/tests/e2e/a11y.spec.ts:105	F01-043
02-years	client/tests/e2e/a11y.spec.ts:123	F01-043
02-years	client/tests/e2e/admin.spec.ts:18	F01-043
02-years	client/tests/e2e/admin.spec.ts:19	F01-043
02-years	client/tests/e2e/admin.spec.ts:78	F01-043
02-years	client/tests/e2e/admin.spec.ts:103	F01-043
02-years	client/tests/e2e/admin.spec.ts:120	F01-043
02-years	client/tests/e2e/capture.spec.ts:12	F01-043
02-years	client/tests/e2e/capture.spec.ts:13	F01-043
02-years	client/tests/e2e/capture.spec.ts:14	F01-043
02-years	client/tests/outbox.test.ts:44	F01-043
02-years	client/tests/outbox.test.ts:235	F01-043
02-years	client/tests/outbox.test.ts:237	F01-043
02-years	client/tests/outbox.test.ts:245	F01-043
02-years	ops/backup/README.md:29	F01-031
02-years	ops/backup/README.md:30	F01-031
02-years	ops/backup/README.md:53	F01-031
02-years	ops/backup/README.md:60	F01-031
02-years	ops/backup/README.md:71	F01-031
02-years	ops/backup/iam-policy.json:9	F01-031
02-years	ops/backup/iam-policy.json:10	F01-031
02-years	ops/backup/install.sh:3	F01-031
02-years	ops/backup/install.sh:7	F01-031
02-years	ops/backup/install.sh:8	F01-031
02-years	ops/backup/install.sh:61	F01-031
02-years	ops/backup/install.sh:109	F01-031
02-years	ops/backup/spoh-backup-check.sh:3	F01-031
02-years	ops/backup/spoh-backup-failed.service:2	F01-031
02-years	ops/backup/spoh-backup.service:2	F01-031
02-years	ops/backup/spoh-backup.sh:3	F01-031
02-years	ops/backup/spoh-backup.sh:117	F01-031
02-years	ops/backup/spoh-backup.timer:2	F01-031
02-years	ops/backup/spoh-restore.sh:3	F01-031
02-years	ops/backup/spoh-restore.sh:11	F01-031
02-years	ops/backup/spoh-restore.sh:12	F01-031
02-years	ops/backup/spoh-restore.sh:13	F01-031
02-years	packages/shared/package.json:5	FP-meta
02-years	scripts/dev-db-local.sh:65	F01-034
02-years	scripts/dev-db-local.sh:69	F01-034
02-years	scripts/dev-db-local.sh:70	F01-034
02-years	scripts/dev-db-local.sh:71	F01-034
02-years	scripts/dev-db-local.sh:80	F01-034
02-years	server/.env.example:1	FP-meta
02-years	server/.env.example:14	F01-034
02-years	server/package.json:5	FP-meta
02-years	server/prisma/schema.prisma:1	FP-comment
02-years	server/prisma/seed.ts:50	F01-014
02-years	server/prisma/seed.ts:52	F01-014
02-years	server/prisma/seed.ts:58	F01-014
02-years	server/prisma/seed.ts:63	F01-014
02-years	server/prisma/seed.ts:163	F01-016
02-years	server/prisma/seed.ts:165	F01-016
02-years	server/prisma/seed.ts:171	F01-016
02-years	server/prisma/seed.ts:177	F01-016
02-years	server/prisma/seed.ts:182	F01-016
02-years	server/prisma/seed.ts:183	F01-016
02-years	server/prisma/seed.ts:185	F01-016
02-years	server/prisma/seed.ts:194	F01-016
02-years	server/prisma/seed.ts:195	F01-016
02-years	server/prisma/seed.ts:196	F01-016
02-years	server/prisma/seed.ts:205	F01-014
02-years	server/prisma/seed.ts:206	F01-014
02-years	server/prisma/seed.ts:280	F01-016
02-years	server/prisma/seed.ts:282	F01-016
02-years	server/prisma/seed.ts:323	F01-016
02-years	server/prisma/seed.ts:324	F01-016
02-years	server/prisma/seed.ts:325	F01-016
02-years	server/prisma/seed.ts:326	F01-016
02-years	server/prisma/seed.ts:436	F01-016
02-years	server/prisma/seed.ts:459	F01-016
02-years	server/scripts/load-test.mjs:39	F01-044
02-years	server/scripts/load-test.mjs:43	F01-044
02-years	server/scripts/load-test.mjs:80	F01-033
02-years	server/scripts/load-test.mjs:81	F01-033
02-years	server/scripts/setup-test-db.mjs:16	F01-034
02-years	server/src/config/env.ts:56	F01-029
02-years	server/src/lib/settings.ts:44	F01-002
02-years	server/src/lib/shortCode.ts:58	F01-036
02-years	server/src/middleware/auth/localProvider.ts:24	F01-033
02-years	server/src/middleware/auth/localProvider.ts:25	F01-033
02-years	server/src/modules/auth/tokens.ts:28	F01-033
02-years	server/src/modules/auth/tokens.ts:29	F01-033
02-years	server/src/modules/report/export.ts:47	F01-001
02-years	server/src/modules/report/export.ts:73	F01-001
02-years	server/src/modules/report/export.ts:363	F01-001
02-years	server/src/modules/report/router.ts:46	F01-006
02-years	server/src/modules/report/router.ts:56	F01-006
02-years	server/tests/integration/admin.test.ts:453	F01-043
02-years	server/tests/integration/admin.test.ts:460	F01-043
02-years	server/tests/integration/attendance.test.ts:186	F01-043
02-years	server/tests/integration/gift.test.ts:69	F01-043
02-years	server/tests/integration/missionCard.test.ts:84	F01-043
02-years	server/tests/setup.ts:21	F01-043
02-years	server/tests/setup.ts:22	F01-043
02-years	server/tests/unit/attendance.test.ts:36	F01-043
02-years	server/tests/unit/settings.test.ts:50	F01-043
02-years	server/tests/unit/settings.test.ts:66	F01-043
02-years	server/tests/unit/settings.test.ts:119	F01-043
02-years	server/tests/unit/settings.test.ts:123	F01-043
02-years	server/tests/unit/shortCode.test.ts:58	F01-043
02-years	server/tests/unit/time.test.ts:22	F01-043
02-years	server/tests/unit/time.test.ts:23	F01-043
02-years	server/tests/unit/time.test.ts:27	F01-043
02-years	server/tests/unit/time.test.ts:33	F01-043
02-years	server/tests/unit/time.test.ts:40	F01-043
02-years	server/tests/unit/time.test.ts:50	F01-043
02-years	server/tests/unit/time.test.ts:54	F01-043
02-years	server/tests/unit/time.test.ts:60	F01-043
02-years	server/tests/unit/time.test.ts:64	F01-043
02-years	server/tests/unit/time.test.ts:70	F01-043
02-years	server/tests/unit/time.test.ts:76	F01-043
02-years	server/tests/unit/time.test.ts:77	F01-043
02-years	server/tests/unit/time.test.ts:82	F01-043
02-years	server/tests/unit/time.test.ts:83	F01-043
02-years	server/tests/unit/time.test.ts:90	F01-043
02-years	server/tests/unit/time.test.ts:96	F01-043
02-years	server/vitest.config.ts:38	F01-043
03-clock-times	client/src/app/admin/users/page.tsx:39	FP-comment
03-clock-times	client/src/app/chief/fallback/page.tsx:171	FP-comment
03-clock-times	client/src/app/chief/imports/page.tsx:44	F01-008
03-clock-times	client/src/app/chief/imports/page.tsx:45	F01-008
03-clock-times	client/src/app/chief/imports/page.tsx:48	F01-008
03-clock-times	client/src/app/chief/imports/page.tsx:49	F01-008
03-clock-times	client/src/lib/format.ts:16	FP-comment
03-clock-times	client/src/lib/format.ts:28	FP-comment
03-clock-times	client/src/lib/format.ts:60	F01-020
03-clock-times	client/src/styles/globals.css:332	FP-comment
03-clock-times	client/tests/e2e/admin.spec.ts:144	F01-043
03-clock-times	client/tests/e2e/admin.spec.ts:145	F01-043
03-clock-times	client/tests/outbox.test.ts:235	F01-043
03-clock-times	client/tests/outbox.test.ts:237	F01-043
03-clock-times	client/tests/outbox.test.ts:245	F01-043
03-clock-times	ops/backup/spoh-backup-check.sh:34	F01-028
03-clock-times	ops/backup/spoh-backup.sh:86	F01-028
03-clock-times	ops/backup/spoh-backup.sh:148	FP-match
03-clock-times	packages/shared/src/dto/settings.ts:15	FP-comment
03-clock-times	packages/shared/src/dto/settings.ts:44	FP-comment
03-clock-times	packages/shared/src/dto/shift.ts:91	FP-comment
03-clock-times	server/.env.example:67	F01-020
03-clock-times	server/prisma/schema.prisma:90	F01-020
03-clock-times	server/prisma/schema.prisma:91	F01-020
03-clock-times	server/prisma/schema.prisma:221	FP-comment
03-clock-times	server/prisma/seed.ts:42	F01-017
03-clock-times	server/prisma/seed.ts:389	F01-017
03-clock-times	server/src/config/env.ts:90	F01-020
03-clock-times	server/src/lib/settings.ts:46	F01-020
03-clock-times	server/src/lib/settings.ts:49	F01-020
03-clock-times	server/src/lib/settings.ts:50	F01-020
03-clock-times	server/src/lib/time.ts:33	F01-020
03-clock-times	server/src/lib/time.ts:82	F01-041
03-clock-times	server/src/modules/admin/service.ts:41	FP-comment
03-clock-times	server/src/modules/footfall/service.ts:125	FP-comment
03-clock-times	server/src/modules/me/service.ts:21	FP-comment
03-clock-times	server/src/modules/report/export.ts:21	F01-025
03-clock-times	server/src/modules/report/repo.ts:48	F01-024
03-clock-times	server/tests/integration/admin.test.ts:370	F01-043
03-clock-times	server/tests/integration/admin.test.ts:371	F01-043
03-clock-times	server/tests/integration/admin.test.ts:376	F01-043
03-clock-times	server/tests/integration/admin.test.ts:385	F01-043
03-clock-times	server/tests/integration/admin.test.ts:386	F01-043
03-clock-times	server/tests/integration/capture.test.ts:290	F01-043
03-clock-times	server/tests/setup.ts:21	F01-043
03-clock-times	server/tests/setup.ts:22	F01-043
03-clock-times	server/tests/unit/settings.test.ts:27	F01-043
03-clock-times	server/tests/unit/settings.test.ts:43	F01-043
03-clock-times	server/tests/unit/settings.test.ts:44	F01-043
03-clock-times	server/tests/unit/settings.test.ts:49	F01-043
03-clock-times	server/tests/unit/settings.test.ts:59	F01-043
03-clock-times	server/tests/unit/settings.test.ts:60	F01-043
03-clock-times	server/tests/unit/settings.test.ts:65	F01-043
03-clock-times	server/tests/unit/settings.test.ts:89	F01-043
03-clock-times	server/tests/unit/settings.test.ts:90	F01-043
03-clock-times	server/tests/unit/settings.test.ts:99	F01-043
03-clock-times	server/tests/unit/settings.test.ts:100	F01-043
03-clock-times	server/tests/unit/time.test.ts:21	F01-043
03-clock-times	server/tests/unit/time.test.ts:33	F01-043
03-clock-times	server/tests/unit/time.test.ts:39	F01-043
03-clock-times	server/tests/unit/time.test.ts:49	F01-043
03-clock-times	server/tests/unit/time.test.ts:57	F01-043
03-clock-times	server/tests/unit/time.test.ts:58	F01-043
03-clock-times	server/tests/unit/time.test.ts:68	F01-043
03-clock-times	server/tests/unit/time.test.ts:77	F01-043
03-clock-times	server/tests/unit/time.test.ts:83	F01-043
04-timezone	client/src/lib/format.ts:10	F01-026
04-timezone	client/src/lib/format.ts:14	F01-026
04-timezone	client/src/lib/format.ts:24	F01-026
04-timezone	client/src/lib/format.ts:38	F01-026
04-timezone	packages/shared/src/dto/common.ts:25	F01-027
04-timezone	packages/shared/src/dto/settings.ts:24	F01-027
04-timezone	server/prisma/seed.ts:217	F01-017
04-timezone	server/prisma/seed.ts:218	F01-017
04-timezone	server/prisma/seed.ts:389	F01-017
04-timezone	server/src/lib/time.ts:4	F01-023
04-timezone	server/src/lib/time.ts:7	F01-023
04-timezone	server/src/lib/time.ts:19	F01-023
04-timezone	server/src/lib/time.ts:21	F01-023
04-timezone	server/src/lib/time.ts:22	F01-023
04-timezone	server/src/modules/report/export.ts:29	F01-025
04-timezone	server/src/modules/report/export.ts:135	F01-039
04-timezone	server/src/modules/report/export.ts:147	F01-025
04-timezone	server/src/modules/report/export.ts:231	F01-025
04-timezone	server/src/modules/report/export.ts:297	F01-025
04-timezone	server/src/modules/report/export.ts:324	F01-025
04-timezone	server/src/modules/report/export.ts:373	F01-025
04-timezone	server/src/modules/report/export.ts:393	F01-025
04-timezone	server/src/modules/report/export.ts:415	F01-025
04-timezone	server/src/modules/report/repo.ts:50	F01-024
04-timezone	server/src/modules/report/repo.ts:54	F01-024
04-timezone	server/src/modules/report/repo.ts:75	F01-024
04-timezone	server/src/modules/report/repo.ts:153	F01-024
04-timezone	server/src/modules/report/repo.ts:159	F01-024
04-timezone	server/src/modules/report/repo.ts:183	F01-024
04-timezone	server/tests/unit/settings.test.ts:114	F01-043
04-timezone	server/tests/unit/time.test.ts:49	F01-043
04-timezone	server/tests/unit/time.test.ts:58	F01-043
04-timezone	server/tests/unit/time.test.ts:68	F01-043
05-venue-brand	client/.env.example:1	FP-meta
05-venue-brand	client/package.json:5	FP-meta
05-venue-brand	client/public/manifest.json:2	F01-005
05-venue-brand	client/public/manifest.json:3	F01-004
05-venue-brand	client/public/manifest.json:4	F01-005
05-venue-brand	client/public/sw.js:91	F01-004
05-venue-brand	client/src/app/admin/settings/page.tsx:292	F01-001
05-venue-brand	client/src/app/attendance/page.tsx:138	F01-009
05-venue-brand	client/src/app/attendance/page.tsx:142	F01-009
05-venue-brand	client/src/app/attendance/page.tsx:147	F01-009
05-venue-brand	client/src/app/home/page.tsx:21	F01-001
05-venue-brand	client/src/app/layout.tsx:8	F01-001
05-venue-brand	client/src/app/layout.tsx:9	F01-005
05-venue-brand	client/src/app/layout.tsx:11	F01-004
05-venue-brand	client/src/app/map/page.tsx:15	F01-013
05-venue-brand	client/src/app/map/page.tsx:28	F01-013
05-venue-brand	client/src/app/safety/incident/new/page.tsx:161	F01-007
05-venue-brand	client/src/app/sign-in/page.tsx:110	F01-001
05-venue-brand	client/src/app/sign-in/page.tsx:112	F01-003
05-venue-brand	client/src/app/tv/page.tsx:98	F01-001
05-venue-brand	client/src/components/GlobalNav.tsx:61	F01-001
05-venue-brand	client/src/components/SectionNav.tsx:56	F01-003
05-venue-brand	client/src/components/SectionNav.tsx:57	F01-001
05-venue-brand	client/src/content/brief.ts:85	F01-012
05-venue-brand	client/src/content/brief.ts:119	F01-012
05-venue-brand	client/src/content/brief.ts:127	F01-012
05-venue-brand	client/src/content/brief.ts:134	F01-012
05-venue-brand	client/src/features/attendance/VerifierCode.tsx:70	F01-009
05-venue-brand	client/src/lib/runtimeSettings.ts:46	F01-002
05-venue-brand	client/src/styles/globals.css:14	FP-comment
05-venue-brand	client/tests/e2e/attendance.spec.ts:12	F01-043
05-venue-brand	ops/backup/install.sh:3	F01-031
05-venue-brand	ops/backup/install.sh:61	F01-031
05-venue-brand	ops/backup/spoh-backup-check.sh:3	F01-031
05-venue-brand	ops/backup/spoh-backup-check.sh:20	F01-031
05-venue-brand	ops/backup/spoh-backup-failed.service:2	F01-031
05-venue-brand	ops/backup/spoh-backup-failed.service:11	F01-031
05-venue-brand	ops/backup/spoh-backup.service:2	F01-031
05-venue-brand	ops/backup/spoh-backup.sh:3	F01-031
05-venue-brand	ops/backup/spoh-backup.sh:36	F01-031
05-venue-brand	ops/backup/spoh-backup.timer:2	F01-031
05-venue-brand	ops/backup/spoh-restore.sh:3	F01-031
05-venue-brand	ops/backup/spoh-restore.sh:21	F01-031
05-venue-brand	packages/shared/package.json:5	FP-meta
05-venue-brand	packages/shared/src/dto/shift.ts:96	F01-010
05-venue-brand	scripts/dev-db-local.sh:13	FP-meta
05-venue-brand	scripts/dev-db-local.sh:14	F01-034
05-venue-brand	scripts/dev-db-local.sh:19	F01-034
05-venue-brand	scripts/dev-db-local.sh:20	FP-meta
05-venue-brand	server/.env.example:1	FP-meta
05-venue-brand	server/.env.example:74	F01-009
05-venue-brand	server/package.json:5	FP-meta
05-venue-brand	server/prisma/schema.prisma:1	FP-comment
05-venue-brand	server/prisma/schema.prisma:158	FP-comment
05-venue-brand	server/prisma/seed.ts:46	F01-014
05-venue-brand	server/prisma/seed.ts:53	F01-014
05-venue-brand	server/prisma/seed.ts:59	F01-014
05-venue-brand	server/prisma/seed.ts:63	F01-014
05-venue-brand	server/prisma/seed.ts:143	F01-015
05-venue-brand	server/prisma/seed.ts:282	F01-016
05-venue-brand	server/src/config/env.ts:20	FP-meta
05-venue-brand	server/src/lib/settings.ts:44	F01-002
05-venue-brand	server/src/modules/announcement/service.ts:194	F01-004
05-venue-brand	server/src/modules/attendance/service.ts:315	F01-009
05-venue-brand	server/src/modules/incident/service.ts:187	F01-004
05-venue-brand	server/src/modules/lostPerson/service.ts:254	F01-004
05-venue-brand	server/src/modules/report/export.ts:47	F01-001
05-venue-brand	server/src/modules/report/export.ts:73	F01-001
05-venue-brand	server/src/modules/report/export.ts:363	F01-001
05-venue-brand	server/tests/setup.ts:21	F01-043
05-venue-brand	server/vitest.config.ts:28	F01-043
05-venue-brand	server/vitest.config.ts:35	F01-043
06-course-codes	client/src/app/capture/footfall/page.tsx:18	FP-comment
06-course-codes	client/src/app/inbox/page.tsx:177	F01-007
06-course-codes	client/src/components/dashboard/StatTile.tsx:77	FP-comment
06-course-codes	client/src/content/brief.ts:24	F01-012
06-course-codes	client/src/content/brief.ts:36	F01-012
06-course-codes	client/src/content/brief.ts:47	F01-012
06-course-codes	client/src/content/brief.ts:58	F01-012
06-course-codes	client/src/content/brief.ts:99	F01-012
06-course-codes	client/src/content/brief.ts:140	F01-012
06-course-codes	client/src/content/brief.ts:141	F01-012
06-course-codes	client/src/content/brief.ts:150	F01-012
06-course-codes	packages/shared/src/dto/notification.ts:68	FP-comment
06-course-codes	packages/shared/src/enums.ts:34	F01-045
06-course-codes	server/prisma/schema.prisma:66	F01-045
06-course-codes	server/prisma/schema.prisma:67	F01-045
06-course-codes	server/prisma/schema.prisma:68	F01-045
06-course-codes	server/prisma/schema.prisma:69	F01-045
06-course-codes	server/prisma/seed.ts:95	F01-015
06-course-codes	server/prisma/seed.ts:97	F01-015
06-course-codes	server/prisma/seed.ts:105	F01-015
06-course-codes	server/prisma/seed.ts:107	F01-015
06-course-codes	server/prisma/seed.ts:115	F01-015
06-course-codes	server/prisma/seed.ts:117	F01-015
06-course-codes	server/src/modules/footfall/repo.ts:84	FP-comment
06-course-codes	server/src/modules/notification/service.ts:102	FP-comment
06-course-codes	server/tests/integration/comms.test.ts:77	F01-043
06-course-codes	server/tests/integration/missionCard.test.ts:52	F01-043
06-course-codes	server/tests/integration/missionCard.test.ts:361	F01-043
06-course-codes	server/tests/integration/missionCard.test.ts:377	F01-043
07-enum-AnnouncementPriority	client/public/sw.js:98	F01-022
07-enum-AnnouncementPriority	client/public/sw.js:99	F01-022
07-enum-AnnouncementPriority	client/src/app/inbox/page.tsx:35	F01-022
07-enum-AnnouncementPriority	client/src/app/inbox/page.tsx:38	F01-022
07-enum-AnnouncementPriority	client/src/app/inbox/page.tsx:39	F01-022
07-enum-AnnouncementPriority	client/src/app/inbox/page.tsx:40	F01-022
07-enum-AnnouncementPriority	client/src/app/inbox/page.tsx:121	F01-022
07-enum-AnnouncementPriority	client/src/app/inbox/page.tsx:122	F01-022
07-enum-AnnouncementPriority	client/src/app/inbox/page.tsx:123	F01-022
07-enum-AnnouncementPriority	client/src/app/inbox/page.tsx:130	F01-022
07-enum-AnnouncementPriority	client/src/app/inbox/page.tsx:188	F01-022
07-enum-AnnouncementPriority	client/src/app/inbox/page.tsx:189	F01-022
07-enum-AnnouncementPriority	client/src/app/inbox/page.tsx:190	F01-022
07-enum-AnnouncementPriority	client/src/app/inbox/page.tsx:194	F01-022
07-enum-AnnouncementPriority	packages/shared/src/dto/announcement.ts:28	F01-022
07-enum-AnnouncementPriority	server/src/modules/announcement/service.ts:79	F01-022
07-enum-AnnouncementPriority	server/src/modules/announcement/service.ts:193	F01-022
07-enum-AnnouncementPriority	server/src/modules/gift/service.ts:238	F01-022
07-enum-AnnouncementPriority	server/src/modules/incident/service.ts:185	F01-022
07-enum-AnnouncementPriority	server/src/modules/lostPerson/service.ts:252	F01-022
07-enum-AnnouncementPriority	server/src/modules/lostPerson/service.ts:271	F01-022
07-enum-AnnouncementPriority	server/src/modules/notification/service.ts:203	F01-022
07-enum-AttendanceMethod	client/src/app/attendance/page.tsx:110	F01-022
07-enum-AttendanceMethod	client/src/app/attendance/page.tsx:112	F01-022
07-enum-AttendanceMethod	client/src/app/attendance/page.tsx:152	F01-022
07-enum-AttendanceMethod	client/src/app/attendance/page.tsx:169	F01-022
07-enum-AttendanceMethod	client/tests/e2e/attendance.spec.ts:54	F01-043
07-enum-AttendanceMethod	client/tests/e2e/attendance.spec.ts:61	F01-043
07-enum-AttendanceMethod	client/tests/e2e/attendance.spec.ts:126	F01-043
07-enum-AttendanceMethod	client/tests/e2e/attendance.spec.ts:127	F01-043
07-enum-AttendanceMethod	packages/shared/src/dto/attendance.ts:5	F01-022
07-enum-AttendanceMethod	packages/shared/src/dto/attendance.ts:6	F01-022
07-enum-AttendanceMethod	packages/shared/src/dto/attendance.ts:13	F01-022
07-enum-AttendanceMethod	server/src/modules/attendance/service.ts:164	F01-022
07-enum-AttendanceMethod	server/src/modules/attendance/service.ts:182	F01-022
07-enum-AttendanceMethod	server/src/modules/attendance/service.ts:292	F01-022
07-enum-AttendanceMethod	server/src/modules/attendance/service.ts:296	F01-022
07-enum-AttendanceMethod	server/src/modules/attendance/service.ts:313	F01-022
07-enum-AttendanceMethod	server/tests/integration/attendance.test.ts:34	F01-043
07-enum-AttendanceMethod	server/tests/integration/attendance.test.ts:72	F01-043
07-enum-AttendanceMethod	server/tests/integration/attendance.test.ts:80	F01-043
07-enum-AttendanceMethod	server/tests/integration/attendance.test.ts:84	F01-043
07-enum-AttendanceMethod	server/tests/integration/attendance.test.ts:111	F01-043
07-enum-AttendanceMethod	server/tests/integration/attendance.test.ts:113	F01-043
07-enum-AttendanceMethod	server/tests/integration/attendance.test.ts:117	F01-043
07-enum-AttendanceMethod	server/tests/integration/attendance.test.ts:125	F01-043
07-enum-AttendanceMethod	server/tests/integration/attendance.test.ts:132	F01-043
07-enum-AttendanceMethod	server/tests/integration/attendance.test.ts:136	F01-043
07-enum-AttendanceMethod	server/tests/integration/attendance.test.ts:144	F01-043
07-enum-AttendanceMethod	server/tests/integration/attendance.test.ts:147	F01-043
07-enum-AttendanceMethod	server/tests/integration/attendance.test.ts:154	F01-043
07-enum-AttendanceMethod	server/tests/integration/attendance.test.ts:156	F01-043
07-enum-AttendanceMethod	server/tests/integration/attendance.test.ts:161	F01-043
07-enum-AttendanceMethod	server/tests/integration/attendance.test.ts:165	F01-043
07-enum-AttendanceMethod	server/tests/integration/attendance.test.ts:173	F01-043
07-enum-AttendanceMethod	server/tests/integration/attendance.test.ts:180	F01-043
07-enum-AttendanceMethod	server/tests/integration/attendance.test.ts:190	F01-043
07-enum-AttendanceMethod	server/tests/integration/attendance.test.ts:196	F01-043
07-enum-AttendanceMethod	server/tests/integration/attendance.test.ts:215	F01-043
07-enum-AttendanceMethod	server/tests/integration/attendance.test.ts:221	F01-043
07-enum-AttendanceMethod	server/tests/integration/attendance.test.ts:230	F01-043
07-enum-CardStatus	client/src/app/capture/stamp/page.tsx:156	F01-022
07-enum-CardStatus	server/src/modules/gift/service.ts:90	F01-022
07-enum-CardStatus	server/src/modules/gift/service.ts:95	F01-022
07-enum-CardStatus	server/src/modules/missionCard/repo.ts:99	F01-022
07-enum-CardStatus	server/src/modules/missionCard/repo.ts:123	F01-022
07-enum-CardStatus	server/src/modules/missionCard/service.ts:77	F01-022
07-enum-CardStatus	server/src/modules/missionCard/service.ts:85	F01-022
07-enum-CardStatus	server/src/modules/missionCard/service.ts:86	F01-022
07-enum-CardStatus	server/src/modules/missionCard/service.ts:153	F01-022
07-enum-CardStatus	server/src/modules/missionCard/service.ts:174	F01-022
07-enum-CardStatus	server/src/modules/missionCard/service.ts:175	F01-022
07-enum-CardStatus	server/src/modules/missionCard/service.ts:191	F01-022
07-enum-CardStatus	server/src/modules/missionCard/service.ts:192	F01-022
07-enum-CardStatus	server/src/modules/missionCard/service.ts:227	F01-022
07-enum-CardStatus	server/src/modules/missionCard/service.ts:231	F01-022
07-enum-CardStatus	server/src/modules/missionCard/service.ts:239	F01-022
07-enum-CardStatus	server/src/modules/missionCard/service.ts:283	F01-022
07-enum-CardStatus	server/src/modules/missionCard/service.ts:292	F01-022
07-enum-CardStatus	server/src/modules/missionCard/service.ts:311	F01-022
07-enum-CardStatus	server/src/modules/missionCard/service.ts:395	F01-022
07-enum-CardStatus	server/src/modules/registration/service.ts:122	F01-022
07-enum-CardStatus	server/src/modules/registration/service.ts:128	F01-022
07-enum-CardStatus	server/src/modules/report/repo.ts:131	F01-022
07-enum-CardStatus	server/src/modules/report/repo.ts:134	F01-022
07-enum-CardStatus	server/tests/integration/gift.test.ts:70	F01-043
07-enum-CardStatus	server/tests/integration/missionCard.test.ts:104	F01-043
07-enum-CardStatus	server/tests/integration/missionCard.test.ts:158	F01-043
07-enum-CardStatus	server/tests/integration/missionCard.test.ts:167	F01-043
07-enum-CardStatus	server/tests/integration/missionCard.test.ts:218	F01-043
07-enum-CardStatus	server/tests/integration/missionCard.test.ts:241	F01-043
07-enum-CardStatus	server/tests/integration/missionCard.test.ts:262	F01-043
07-enum-CardStatus	server/tests/integration/missionCard.test.ts:307	F01-043
07-enum-CommitteeRole	client/src/features/admin/useVolunteers.ts:121	F01-021
07-enum-CommitteeRole	client/src/features/admin/useVolunteers.ts:122	F01-021
07-enum-CommitteeRole	client/src/features/admin/useVolunteers.ts:123	F01-021
07-enum-CommitteeRole	client/src/features/admin/useVolunteers.ts:124	F01-021
07-enum-CommitteeRole	client/src/features/admin/useVolunteers.ts:125	F01-021
07-enum-CommitteeRole	client/src/features/admin/useVolunteers.ts:126	F01-021
07-enum-CommitteeRole	client/tests/e2e/attendance.spec.ts:9	F01-043
07-enum-CommitteeRole	client/tests/e2e/navigation.spec.ts:11	F01-043
07-enum-CommitteeRole	packages/shared/src/capabilities.ts:49	F01-021
07-enum-CommitteeRole	packages/shared/src/capabilities.ts:50	F01-021
07-enum-CommitteeRole	packages/shared/src/capabilities.ts:51	F01-021
07-enum-CommitteeRole	packages/shared/src/capabilities.ts:52	F01-021
07-enum-CommitteeRole	packages/shared/src/capabilities.ts:53	F01-021
07-enum-CommitteeRole	packages/shared/src/capabilities.ts:54	F01-021
07-enum-CommitteeRole	packages/shared/src/dto/roster.ts:23	F01-021
07-enum-CommitteeRole	packages/shared/src/dto/roster.ts:64	F01-021
07-enum-CommitteeRole	server/prisma/seed.ts:163	F01-016
07-enum-CommitteeRole	server/prisma/seed.ts:167	F01-016
07-enum-CommitteeRole	server/prisma/seed.ts:173	F01-016
07-enum-CommitteeRole	server/prisma/seed.ts:179	F01-016
07-enum-CommitteeRole	server/prisma/seed.ts:182	F01-016
07-enum-CommitteeRole	server/prisma/seed.ts:183	F01-016
07-enum-CommitteeRole	server/prisma/seed.ts:187	F01-016
07-enum-CommitteeRole	server/prisma/seed.ts:290	F01-016
07-enum-CommitteeRole	server/prisma/seed.ts:292	F01-016
07-enum-CommitteeRole	server/scripts/load-test.mjs:76	F01-044
07-enum-CommitteeRole	server/scripts/load-test.mjs:120	F01-044
07-enum-CommitteeRole	server/scripts/load-test.mjs:207	F01-044
07-enum-CommitteeRole	server/scripts/verify-cognito.mjs:102	F01-044
07-enum-CommitteeRole	server/src/middleware/auth/cognitoProvider.ts:57	F01-021
07-enum-CommitteeRole	server/src/middleware/auth/cognitoProvider.ts:58	F01-021
07-enum-CommitteeRole	server/src/middleware/auth/cognitoProvider.ts:59	F01-021
07-enum-CommitteeRole	server/src/middleware/auth/cognitoProvider.ts:60	F01-021
07-enum-CommitteeRole	server/src/middleware/auth/cognitoProvider.ts:61	F01-021
07-enum-CommitteeRole	server/src/middleware/auth/cognitoProvider.ts:62	F01-021
07-enum-CommitteeRole	server/src/middleware/rbac.ts:97	F01-021
07-enum-CommitteeRole	server/src/modules/announcement/service.ts:45	F01-021
07-enum-CommitteeRole	server/src/modules/attendance/service.ts:25	F01-021
07-enum-CommitteeRole	server/src/modules/attendance/service.ts:78	F01-021
07-enum-CommitteeRole	server/src/modules/attendance/service.ts:180	F01-021
07-enum-CommitteeRole	server/src/modules/attendance/service.ts:311	F01-021
07-enum-CommitteeRole	server/src/modules/gift/service.ts:243	F01-021
07-enum-CommitteeRole	server/src/modules/identity/provider.ts:54	F01-021
07-enum-CommitteeRole	server/src/modules/identity/provider.ts:55	F01-021
07-enum-CommitteeRole	server/src/modules/identity/provider.ts:56	F01-021
07-enum-CommitteeRole	server/src/modules/identity/provider.ts:57	F01-021
07-enum-CommitteeRole	server/src/modules/identity/provider.ts:58	F01-021
07-enum-CommitteeRole	server/src/modules/identity/provider.ts:59	F01-021
07-enum-CommitteeRole	server/src/modules/incident/service.ts:191	F01-021
07-enum-CommitteeRole	server/tests/integration/admin.test.ts:34	F01-043
07-enum-CommitteeRole	server/tests/integration/admin.test.ts:35	F01-043
07-enum-CommitteeRole	server/tests/integration/admin.test.ts:36	F01-043
07-enum-CommitteeRole	server/tests/integration/admin.test.ts:37	F01-043
07-enum-CommitteeRole	server/tests/integration/admin.test.ts:90	F01-043
07-enum-CommitteeRole	server/tests/integration/admin.test.ts:109	F01-043
07-enum-CommitteeRole	server/tests/integration/admin.test.ts:115	F01-043
07-enum-CommitteeRole	server/tests/integration/admin.test.ts:124	F01-043
07-enum-CommitteeRole	server/tests/integration/admin.test.ts:161	F01-043
07-enum-CommitteeRole	server/tests/integration/admin.test.ts:164	F01-043
07-enum-CommitteeRole	server/tests/integration/admin.test.ts:207	F01-043
07-enum-CommitteeRole	server/tests/integration/admin.test.ts:215	F01-043
07-enum-CommitteeRole	server/tests/integration/attendance.test.ts:45	F01-043
07-enum-CommitteeRole	server/tests/integration/attendance.test.ts:46	F01-043
07-enum-CommitteeRole	server/tests/integration/attendance.test.ts:47	F01-043
07-enum-CommitteeRole	server/tests/integration/attendance.test.ts:60	F01-043
07-enum-CommitteeRole	server/tests/integration/attendance.test.ts:65	F01-043
07-enum-CommitteeRole	server/tests/integration/attendance.test.ts:109	F01-043
07-enum-CommitteeRole	server/tests/integration/attendance.test.ts:177	F01-043
07-enum-CommitteeRole	server/tests/integration/attendance.test.ts:188	F01-043
07-enum-CommitteeRole	server/tests/integration/auth.test.ts:46	F01-043
07-enum-CommitteeRole	server/tests/integration/auth.test.ts:113	F01-043
07-enum-CommitteeRole	server/tests/integration/auth.test.ts:124	F01-043
07-enum-CommitteeRole	server/tests/integration/auth.test.ts:146	F01-043
07-enum-CommitteeRole	server/tests/integration/auth.test.ts:224	F01-043
07-enum-CommitteeRole	server/tests/integration/auth.test.ts:225	F01-043
07-enum-CommitteeRole	server/tests/integration/capture.test.ts:47	F01-043
07-enum-CommitteeRole	server/tests/integration/capture.test.ts:48	F01-043
07-enum-CommitteeRole	server/tests/integration/capture.test.ts:49	F01-043
07-enum-CommitteeRole	server/tests/integration/comms.test.ts:47	F01-043
07-enum-CommitteeRole	server/tests/integration/comms.test.ts:48	F01-043
07-enum-CommitteeRole	server/tests/integration/comms.test.ts:49	F01-043
07-enum-CommitteeRole	server/tests/integration/comms.test.ts:50	F01-043
07-enum-CommitteeRole	server/tests/integration/comms.test.ts:51	F01-043
07-enum-CommitteeRole	server/tests/integration/comms.test.ts:125	F01-043
07-enum-CommitteeRole	server/tests/integration/dashboard.test.ts:52	F01-043
07-enum-CommitteeRole	server/tests/integration/dashboard.test.ts:53	F01-043
07-enum-CommitteeRole	server/tests/integration/dashboard.test.ts:54	F01-043
07-enum-CommitteeRole	server/tests/integration/dashboard.test.ts:55	F01-043
07-enum-CommitteeRole	server/tests/integration/fallback.test.ts:44	F01-043
07-enum-CommitteeRole	server/tests/integration/fallback.test.ts:45	F01-043
07-enum-CommitteeRole	server/tests/integration/fallback.test.ts:46	F01-043
07-enum-CommitteeRole	server/tests/integration/fallback.test.ts:47	F01-043
07-enum-CommitteeRole	server/tests/integration/gift.test.ts:44	F01-043
07-enum-CommitteeRole	server/tests/integration/gift.test.ts:45	F01-043
07-enum-CommitteeRole	server/tests/integration/lostPerson.test.ts:43	F01-043
07-enum-CommitteeRole	server/tests/integration/lostPerson.test.ts:44	F01-043
07-enum-CommitteeRole	server/tests/integration/lostPerson.test.ts:45	F01-043
07-enum-CommitteeRole	server/tests/integration/missionCard.test.ts:55	F01-043
07-enum-CommitteeRole	server/tests/integration/missionCard.test.ts:56	F01-043
07-enum-CommitteeRole	server/tests/integration/missionCard.test.ts:57	F01-043
07-enum-CommitteeRole	server/tests/integration/missionCard.test.ts:58	F01-043
07-enum-CommitteeRole	server/tests/integration/rbac.test.ts:33	F01-043
07-enum-CommitteeRole	server/tests/integration/rbac.test.ts:34	F01-043
07-enum-CommitteeRole	server/tests/integration/rbac.test.ts:35	F01-043
07-enum-CommitteeRole	server/tests/integration/rbac.test.ts:36	F01-043
07-enum-CommitteeRole	server/tests/integration/rbac.test.ts:37	F01-043
07-enum-CommitteeRole	server/tests/integration/rbac.test.ts:38	F01-043
07-enum-CommitteeRole	server/tests/integration/rbac.test.ts:85	F01-043
07-enum-CommitteeRole	server/tests/integration/rbac.test.ts:92	F01-043
07-enum-CommitteeRole	server/tests/integration/rbac.test.ts:106	F01-043
07-enum-CommitteeRole	server/tests/integration/rbac.test.ts:120	F01-043
07-enum-CommitteeRole	server/tests/integration/rbac.test.ts:130	F01-043
07-enum-CommitteeRole	server/tests/integration/rbac.test.ts:136	F01-043
07-enum-CommitteeRole	server/tests/integration/rbac.test.ts:143	F01-043
07-enum-CommitteeRole	server/tests/integration/rbac.test.ts:146	F01-043
07-enum-CommitteeRole	server/tests/integration/rbac.test.ts:155	F01-043
07-enum-CommitteeRole	server/tests/integration/rbac.test.ts:157	F01-043
07-enum-CommitteeRole	server/tests/integration/rbac.test.ts:163	F01-043
07-enum-CommitteeRole	server/tests/integration/report.test.ts:49	F01-043
07-enum-CommitteeRole	server/tests/integration/report.test.ts:50	F01-043
07-enum-CommitteeRole	server/tests/integration/report.test.ts:51	F01-043
07-enum-CommitteeRole	server/tests/integration/report.test.ts:52	F01-043
07-enum-CommitteeRole	server/tests/integration/report.test.ts:53	F01-043
07-enum-CommitteeRole	server/tests/integration/security.test.ts:40	F01-043
07-enum-CommitteeRole	server/tests/integration/security.test.ts:41	F01-043
07-enum-CommitteeRole	server/tests/integration/security.test.ts:42	F01-043
07-enum-CommitteeRole	server/tests/integration/security.test.ts:102	F01-043
07-enum-CommitteeRole	server/tests/integration/security.test.ts:180	F01-043
07-enum-CommitteeRole	server/tests/integration/security.test.ts:195	F01-043
07-enum-CommitteeRole	server/tests/unit/capabilities.test.ts:23	F01-043
07-enum-CommitteeRole	server/tests/unit/capabilities.test.ts:24	F01-043
07-enum-CommitteeRole	server/tests/unit/capabilities.test.ts:25	F01-043
07-enum-CommitteeRole	server/tests/unit/capabilities.test.ts:26	F01-043
07-enum-CommitteeRole	server/tests/unit/capabilities.test.ts:27	F01-043
07-enum-CommitteeRole	server/tests/unit/capabilities.test.ts:28	F01-043
07-enum-CommitteeRole	server/tests/unit/capabilities.test.ts:87	F01-043
07-enum-CommitteeRole	server/tests/unit/capabilities.test.ts:89	F01-043
07-enum-CommitteeRole	server/tests/unit/capabilities.test.ts:109	F01-043
07-enum-CommitteeRole	server/tests/unit/capabilities.test.ts:113	F01-043
07-enum-CommitteeRole	server/tests/unit/capabilities.test.ts:117	F01-043
07-enum-CourseCode	client/src/content/brief.ts:24	F01-012
07-enum-CourseCode	client/src/content/brief.ts:36	F01-012
07-enum-CourseCode	client/src/content/brief.ts:47	F01-012
07-enum-CourseCode	client/src/content/brief.ts:58	F01-012
07-enum-CourseCode	server/prisma/seed.ts:97	F01-015
07-enum-CourseCode	server/prisma/seed.ts:107	F01-015
07-enum-CourseCode	server/prisma/seed.ts:117	F01-015
07-enum-CourseCode	server/src/modules/footfall/repo.ts:84	FP-match
07-enum-CourseCode	server/tests/integration/missionCard.test.ts:52	F01-043
07-enum-CourseCode	server/tests/integration/missionCard.test.ts:361	F01-043
07-enum-CourseCode	server/tests/integration/missionCard.test.ts:377	F01-043
07-enum-DataSource	client/src/app/chief/imports/page.tsx:39	F01-022
07-enum-DataSource	client/src/app/chief/imports/page.tsx:56	F01-022
07-enum-DataSource	client/src/app/chief/imports/page.tsx:152	F01-022
07-enum-DataSource	client/src/app/chief/imports/page.tsx:153	F01-022
07-enum-DataSource	client/src/app/chief/imports/page.tsx:267	F01-022
07-enum-DataSource	packages/shared/src/dto/fallback.ts:69	F01-022
07-enum-DataSource	packages/shared/src/dto/footfall.ts:27	F01-022
07-enum-DataSource	server/src/modules/fallback/service.ts:377	F01-022
07-enum-DataSource	server/src/modules/footfall/service.ts:74	F01-022
07-enum-DataSource	server/src/modules/gift/service.ts:120	F01-022
07-enum-DataSource	server/src/modules/missionCard/service.ts:185	F01-022
07-enum-DataSource	server/src/modules/registration/service.ts:64	F01-022
07-enum-DataSource	server/src/modules/registration/service.ts:146	F01-022
07-enum-DataSource	server/tests/integration/capture.test.ts:289	F01-043
07-enum-DataSource	server/tests/integration/capture.test.ts:306	F01-043
07-enum-DataSource	server/tests/integration/capture.test.ts:313	F01-043
07-enum-DataSource	server/tests/integration/fallback.test.ts:205	F01-043
07-enum-DataSource	server/tests/integration/fallback.test.ts:250	F01-043
07-enum-DataSource	server/tests/integration/fallback.test.ts:288	F01-043
07-enum-DataSource	server/tests/integration/fallback.test.ts:300	F01-043
07-enum-DataSource	server/tests/integration/fallback.test.ts:315	F01-043
07-enum-DataSource	server/tests/integration/rbac.test.ts:102	F01-043
07-enum-DataSource	server/tests/integration/report.test.ts:219	F01-043
07-enum-DataSource	server/tests/integration/report.test.ts:227	F01-043
07-enum-DataSource	server/tests/integration/report.test.ts:228	F01-043
07-enum-DataSource	server/tests/integration/report.test.ts:240	F01-043
07-enum-IncidentSeverity	client/src/app/safety/incident/new/page.tsx:43	F01-022
07-enum-IncidentSeverity	client/src/app/safety/incident/new/page.tsx:44	F01-022
07-enum-IncidentSeverity	client/src/app/safety/incident/new/page.tsx:45	F01-022
07-enum-IncidentSeverity	client/src/app/safety/incident/new/page.tsx:46	F01-022
07-enum-IncidentSeverity	client/src/app/safety/incident/new/page.tsx:55	F01-022
07-enum-IncidentSeverity	ops/backup/spoh-backup-check.sh:47	FP-match
07-enum-IncidentSeverity	ops/backup/spoh-backup-check.sh:55	FP-match
07-enum-IncidentSeverity	ops/backup/spoh-backup-check.sh:63	FP-match
07-enum-IncidentSeverity	server/src/modules/dashboard/repo.ts:41	F01-022
07-enum-IncidentSeverity	server/src/modules/incident/service.ts:173	F01-022
07-enum-IncidentSeverity	server/tests/integration/rbac.test.ts:114	F01-043
07-enum-IncidentSeverity	server/tests/integration/report.test.ts:389	F01-043
07-enum-IncidentStatus	server/src/modules/dashboard/repo.ts:40	F01-022
07-enum-IncidentStatus	server/src/modules/dashboard/repo.ts:41	F01-022
07-enum-IncidentStatus	server/tests/integration/report.test.ts:390	F01-043
07-enum-IncidentType	client/src/app/capture/registration/group/page.tsx:32	F01-018
07-enum-IncidentType	client/src/app/capture/registration/page.tsx:31	F01-018
07-enum-IncidentType	client/src/app/safety/incident/new/page.tsx:33	F01-022
07-enum-IncidentType	client/src/app/safety/incident/new/page.tsx:34	F01-022
07-enum-IncidentType	client/src/app/safety/incident/new/page.tsx:35	F01-022
07-enum-IncidentType	client/src/app/safety/incident/new/page.tsx:36	F01-022
07-enum-IncidentType	client/src/app/safety/incident/new/page.tsx:37	F01-022
07-enum-IncidentType	client/src/app/safety/incident/new/page.tsx:38	F01-022
07-enum-IncidentType	client/src/app/safety/incident/new/page.tsx:39	F01-022
07-enum-IncidentType	client/src/app/safety/incident/new/page.tsx:54	F01-022
07-enum-IncidentType	client/src/lib/format.ts:89	F01-018
07-enum-IncidentType	server/prisma/seed.ts:144	F01-015
07-enum-IncidentType	server/src/modules/report/service.ts:285	F01-022
07-enum-IncidentType	server/tests/helpers/fixtures.ts:57	F01-043
07-enum-IncidentType	server/tests/integration/admin.test.ts:428	F01-043
07-enum-IncidentType	server/tests/integration/admin.test.ts:438	F01-043
07-enum-IncidentType	server/tests/integration/rbac.test.ts:113	F01-043
07-enum-IncidentType	server/tests/integration/report.test.ts:163	F01-043
07-enum-IncidentType	server/tests/integration/report.test.ts:388	F01-043
07-enum-LostFoundStatus	client/src/app/safety/lost-found/page.tsx:54	F01-022
07-enum-LostFoundStatus	client/src/app/safety/lost-found/page.tsx:158	F01-022
07-enum-LostFoundStatus	client/src/app/safety/lost-found/page.tsx:182	F01-022
07-enum-LostFoundStatus	client/src/app/safety/lost-found/page.tsx:184	F01-022
07-enum-LostFoundStatus	client/src/app/safety/lost-found/page.tsx:186	F01-022
07-enum-LostFoundStatus	client/src/app/safety/lost-found/page.tsx:188	F01-022
07-enum-LostFoundStatus	client/src/app/safety/lost-found/page.tsx:194	F01-022
07-enum-LostFoundStatus	server/src/modules/lostFound/service.ts:125	F01-022
07-enum-LostFoundStatus	server/src/modules/lostFound/service.ts:136	F01-022
07-enum-LostFoundStatus	server/src/modules/lostFound/service.ts:150	F01-022
07-enum-LostFoundStatus	server/src/modules/lostFound/service.ts:167	F01-022
07-enum-LostFoundStatus	server/src/modules/lostFound/service.ts:168	F01-022
07-enum-LostFoundStatus	server/src/modules/report/repo.ts:265	F01-022
07-enum-LostFoundStatus	server/src/modules/report/repo.ts:266	F01-022
07-enum-LostPersonStatus	client/src/components/LostPersonBanner.tsx:132	F01-022
07-enum-LostPersonStatus	client/src/features/lostPerson/useActiveAlerts.ts:54	F01-022
07-enum-LostPersonStatus	packages/shared/src/dto/lostPerson.ts:61	F01-022
07-enum-LostPersonStatus	server/src/modules/dashboard/repo.ts:47	F01-022
07-enum-LostPersonStatus	server/src/modules/lostPerson/repo.ts:53	F01-022
07-enum-LostPersonStatus	server/src/modules/lostPerson/repo.ts:90	F01-022
07-enum-LostPersonStatus	server/src/modules/lostPerson/repo.ts:103	F01-022
07-enum-LostPersonStatus	server/src/modules/lostPerson/repo.ts:117	F01-022
07-enum-LostPersonStatus	server/src/modules/lostPerson/service.ts:144	F01-022
07-enum-LostPersonStatus	server/src/modules/lostPerson/service.ts:195	F01-022
07-enum-LostPersonStatus	server/src/modules/lostPerson/service.ts:196	F01-022
07-enum-LostPersonStatus	server/src/modules/report/repo.ts:246	F01-022
07-enum-LostPersonStatus	server/tests/integration/lostPerson.test.ts:63	F01-043
07-enum-LostPersonStatus	server/tests/integration/lostPerson.test.ts:141	F01-043
07-enum-LostPersonStatus	server/tests/integration/lostPerson.test.ts:152	F01-043
07-enum-LostPersonStatus	server/tests/integration/lostPerson.test.ts:167	F01-043
07-enum-LostPersonStatus	server/tests/integration/lostPerson.test.ts:172	F01-043
07-enum-LostPersonStatus	server/tests/integration/lostPerson.test.ts:186	F01-043
07-enum-LostPersonStatus	server/tests/integration/lostPerson.test.ts:204	F01-043
07-enum-LostPersonStatus	server/tests/integration/lostPerson.test.ts:227	F01-043
07-enum-LostPersonStatus	server/tests/integration/lostPerson.test.ts:237	F01-043
07-enum-LostPersonStatus	server/tests/integration/report.test.ts:269	F01-043
07-enum-LostPersonStatus	server/tests/integration/report.test.ts:305	F01-043
07-enum-ShiftBlock	client/src/app/admin/settings/page.tsx:243	F01-020
07-enum-ShiftBlock	client/src/lib/format.ts:60	F01-020
07-enum-ShiftBlock	client/src/lib/format.ts:71	F01-020
07-enum-ShiftBlock	server/prisma/seed.ts:356	F01-016
07-enum-ShiftBlock	server/scripts/load-test.mjs:124	F01-044
07-enum-ShiftBlock	server/scripts/load-test.mjs:136	F01-044
07-enum-ShiftBlock	server/src/lib/settings.ts:49	F01-020
07-enum-ShiftBlock	server/src/lib/settings.ts:50	F01-020
07-enum-ShiftBlock	server/src/lib/time.ts:60	F01-020
07-enum-ShiftBlock	server/src/lib/time.ts:64	F01-020
07-enum-ShiftBlock	server/tests/helpers/fixtures.ts:102	F01-043
07-enum-ShiftBlock	server/tests/helpers/fixtures.ts:135	F01-043
07-enum-ShiftBlock	server/tests/integration/admin.test.ts:370	F01-043
07-enum-ShiftBlock	server/tests/integration/admin.test.ts:371	F01-043
07-enum-ShiftBlock	server/tests/integration/admin.test.ts:385	F01-043
07-enum-ShiftBlock	server/tests/integration/admin.test.ts:386	F01-043
07-enum-ShiftBlock	server/tests/integration/admin.test.ts:492	F01-043
07-enum-ShiftBlock	server/tests/unit/settings.test.ts:43	F01-043
07-enum-ShiftBlock	server/tests/unit/settings.test.ts:44	F01-043
07-enum-ShiftBlock	server/tests/unit/settings.test.ts:59	F01-043
07-enum-ShiftBlock	server/tests/unit/settings.test.ts:60	F01-043
07-enum-ShiftBlock	server/tests/unit/settings.test.ts:66	F01-043
07-enum-ShiftBlock	server/tests/unit/settings.test.ts:89	F01-043
07-enum-ShiftBlock	server/tests/unit/settings.test.ts:90	F01-043
07-enum-ShiftBlock	server/tests/unit/settings.test.ts:99	F01-043
07-enum-ShiftBlock	server/tests/unit/settings.test.ts:100	F01-043
07-enum-ShiftBlock	server/tests/unit/time.test.ts:54	F01-043
07-enum-ShiftBlock	server/tests/unit/time.test.ts:60	F01-043
07-enum-ShiftBlock	server/tests/unit/time.test.ts:64	F01-043
07-enum-StationKind	client/src/app/capture/registration/group/page.tsx:32	F01-018
07-enum-StationKind	client/src/app/capture/registration/page.tsx:31	F01-018
07-enum-StationKind	client/src/app/safety/incident/new/page.tsx:39	FP-match
07-enum-StationKind	client/src/components/ShiftOverview.tsx:149	F01-019
07-enum-StationKind	client/src/components/ShiftOverview.tsx:173	F01-019
07-enum-StationKind	client/src/lib/format.ts:89	F01-018
07-enum-StationKind	server/prisma/seed.ts:76	F01-015
07-enum-StationKind	server/prisma/seed.ts:78	F01-015
07-enum-StationKind	server/prisma/seed.ts:85	F01-015
07-enum-StationKind	server/prisma/seed.ts:87	F01-015
07-enum-StationKind	server/prisma/seed.ts:96	F01-015
07-enum-StationKind	server/prisma/seed.ts:106	F01-015
07-enum-StationKind	server/prisma/seed.ts:116	F01-015
07-enum-StationKind	server/prisma/seed.ts:124	F01-015
07-enum-StationKind	server/prisma/seed.ts:126	F01-015
07-enum-StationKind	server/prisma/seed.ts:133	F01-015
07-enum-StationKind	server/prisma/seed.ts:135	F01-015
07-enum-StationKind	server/prisma/seed.ts:144	F01-015
07-enum-StationKind	server/prisma/seed.ts:194	F01-016
07-enum-StationKind	server/prisma/seed.ts:196	F01-016
07-enum-StationKind	server/scripts/load-test.mjs:40	F01-044
07-enum-StationKind	server/tests/helpers/fixtures.ts:57	F01-043
07-enum-StationKind	server/tests/integration/admin.test.ts:420	F01-043
07-enum-StationKind	server/tests/integration/admin.test.ts:428	F01-043
07-enum-StationKind	server/tests/integration/admin.test.ts:438	F01-043
07-enum-StationKind	server/tests/integration/report.test.ts:163	F01-043
07-enum-SwapStatus	client/src/app/ic/page.tsx:232	F01-022
07-enum-SwapStatus	client/src/app/ic/page.tsx:269	F01-022
07-enum-SwapStatus	client/src/app/ic/page.tsx:277	F01-022
07-enum-SwapStatus	packages/shared/src/dto/shift.ts:27	F01-022
07-enum-SwapStatus	server/src/modules/shift/repo.ts:81	F01-022
07-enum-SwapStatus	server/src/modules/shift/repo.ts:92	F01-022
07-enum-SwapStatus	server/src/modules/shift/service.ts:107	F01-022
07-enum-SwapStatus	server/src/modules/shift/service.ts:131	F01-022
07-enum-SwapStatus	server/src/modules/shift/service.ts:139	F01-022
07-enum-SwapStatus	server/src/modules/shift/service.ts:187	F01-022
07-enum-SwapStatus	server/tests/integration/comms.test.ts:218	F01-043
07-enum-SwapStatus	server/tests/integration/comms.test.ts:262	F01-043
07-enum-SwapStatus	server/tests/integration/comms.test.ts:265	F01-043
07-enum-SwapStatus	server/tests/integration/comms.test.ts:285	F01-043
07-enum-SwapStatus	server/tests/integration/comms.test.ts:300	F01-043
07-enum-SwapStatus	server/tests/integration/comms.test.ts:314	F01-043
07-enum-SwapStatus	server/tests/integration/comms.test.ts:319	F01-043
07-enum-VisitorCategory	client/src/app/capture/registration/group/page.tsx:25	F01-018
07-enum-VisitorCategory	client/src/app/capture/registration/group/page.tsx:26	F01-018
07-enum-VisitorCategory	client/src/app/capture/registration/group/page.tsx:27	F01-018
07-enum-VisitorCategory	client/src/app/capture/registration/group/page.tsx:28	F01-018
07-enum-VisitorCategory	client/src/app/capture/registration/group/page.tsx:29	F01-018
07-enum-VisitorCategory	client/src/app/capture/registration/group/page.tsx:30	F01-018
07-enum-VisitorCategory	client/src/app/capture/registration/group/page.tsx:31	F01-018
07-enum-VisitorCategory	client/src/app/capture/registration/group/page.tsx:32	F01-018
07-enum-VisitorCategory	client/src/app/capture/registration/page.tsx:24	F01-018
07-enum-VisitorCategory	client/src/app/capture/registration/page.tsx:25	F01-018
07-enum-VisitorCategory	client/src/app/capture/registration/page.tsx:26	F01-018
07-enum-VisitorCategory	client/src/app/capture/registration/page.tsx:27	F01-018
07-enum-VisitorCategory	client/src/app/capture/registration/page.tsx:28	F01-018
07-enum-VisitorCategory	client/src/app/capture/registration/page.tsx:29	F01-018
07-enum-VisitorCategory	client/src/app/capture/registration/page.tsx:30	F01-018
07-enum-VisitorCategory	client/src/app/capture/registration/page.tsx:31	F01-018
07-enum-VisitorCategory	client/src/app/safety/incident/new/page.tsx:39	FP-match
07-enum-VisitorCategory	client/src/lib/format.ts:82	F01-018
07-enum-VisitorCategory	client/src/lib/format.ts:83	F01-018
07-enum-VisitorCategory	client/src/lib/format.ts:84	F01-018
07-enum-VisitorCategory	client/src/lib/format.ts:85	F01-018
07-enum-VisitorCategory	client/src/lib/format.ts:86	F01-018
07-enum-VisitorCategory	client/src/lib/format.ts:87	F01-018
07-enum-VisitorCategory	client/src/lib/format.ts:88	F01-018
07-enum-VisitorCategory	client/src/lib/format.ts:89	F01-018
07-enum-VisitorCategory	client/tests/outbox.test.ts:76	F01-043
07-enum-VisitorCategory	server/prisma/seed.ts:144	F01-015
07-enum-VisitorCategory	server/scripts/load-test.mjs:173	F01-044
07-enum-VisitorCategory	server/tests/helpers/fixtures.ts:57	F01-043
07-enum-VisitorCategory	server/tests/integration/admin.test.ts:289	F01-043
07-enum-VisitorCategory	server/tests/integration/admin.test.ts:428	F01-043
07-enum-VisitorCategory	server/tests/integration/admin.test.ts:438	F01-043
07-enum-VisitorCategory	server/tests/integration/capture.test.ts:58	F01-043
07-enum-VisitorCategory	server/tests/integration/capture.test.ts:81	F01-043
07-enum-VisitorCategory	server/tests/integration/capture.test.ts:82	F01-043
07-enum-VisitorCategory	server/tests/integration/capture.test.ts:114	F01-043
07-enum-VisitorCategory	server/tests/integration/capture.test.ts:115	F01-043
07-enum-VisitorCategory	server/tests/integration/capture.test.ts:128	F01-043
07-enum-VisitorCategory	server/tests/integration/capture.test.ts:177	F01-043
07-enum-VisitorCategory	server/tests/integration/capture.test.ts:178	F01-043
07-enum-VisitorCategory	server/tests/integration/capture.test.ts:200	F01-043
07-enum-VisitorCategory	server/tests/integration/capture.test.ts:216	F01-043
07-enum-VisitorCategory	server/tests/integration/capture.test.ts:242	F01-043
07-enum-VisitorCategory	server/tests/integration/capture.test.ts:260	F01-043
07-enum-VisitorCategory	server/tests/integration/capture.test.ts:338	F01-043
07-enum-VisitorCategory	server/tests/integration/capture.test.ts:368	F01-043
07-enum-VisitorCategory	server/tests/integration/capture.test.ts:380	F01-043
07-enum-VisitorCategory	server/tests/integration/dashboard.test.ts:101	F01-043
07-enum-VisitorCategory	server/tests/integration/dashboard.test.ts:125	F01-043
07-enum-VisitorCategory	server/tests/integration/dashboard.test.ts:272	F01-043
07-enum-VisitorCategory	server/tests/integration/dashboard.test.ts:278	F01-043
07-enum-VisitorCategory	server/tests/integration/fallback.test.ts:209	F01-043
07-enum-VisitorCategory	server/tests/integration/fallback.test.ts:215	F01-043
07-enum-VisitorCategory	server/tests/integration/fallback.test.ts:251	F01-043
07-enum-VisitorCategory	server/tests/integration/fallback.test.ts:269	F01-043
07-enum-VisitorCategory	server/tests/integration/missionCard.test.ts:206	F01-043
07-enum-VisitorCategory	server/tests/integration/missionCard.test.ts:207	F01-043
07-enum-VisitorCategory	server/tests/integration/rbac.test.ts:84	F01-043
07-enum-VisitorCategory	server/tests/integration/report.test.ts:74	F01-043
07-enum-VisitorCategory	server/tests/integration/report.test.ts:163	F01-043
07-enum-VisitorCategory	server/tests/integration/security.test.ts:100	F01-043
07-enum-VisitorCategory	server/tests/integration/security.test.ts:114	F01-043
07-enum-VisitorCategory	server/tests/integration/security.test.ts:173	F01-043
07-enum-VisitorCategory	server/tests/integration/security.test.ts:221	F01-043
07-enum-VisitorCategory	server/tests/integration/security.test.ts:250	F01-043
08-urls-domains	client/.env.example:6	F01-032
08-urls-domains	client/.env.example:11	F01-029
08-urls-domains	client/.env.example:13	F01-029
08-urls-domains	client/.env.example:14	F01-029
08-urls-domains	client/.env.example:15	F01-030
08-urls-domains	client/.env.example:16	FP-meta
08-urls-domains	client/.env.example:17	FP-meta
08-urls-domains	client/next.config.ts:11	F01-032
08-urls-domains	client/playwright.config.ts:30	F01-043
08-urls-domains	client/src/app/sign-in/page.tsx:86	F01-011
08-urls-domains	client/src/components/ui/Field.tsx:155	F01-041
08-urls-domains	client/src/lib/env.ts:21	F01-032
08-urls-domains	client/tests/e2e/a11y.spec.ts:82	F01-043
08-urls-domains	client/tests/e2e/a11y.spec.ts:89	F01-043
08-urls-domains	client/tests/e2e/a11y.spec.ts:97	F01-043
08-urls-domains	client/tests/e2e/a11y.spec.ts:105	F01-043
08-urls-domains	client/tests/e2e/a11y.spec.ts:123	F01-043
08-urls-domains	client/tests/e2e/admin.spec.ts:18	F01-043
08-urls-domains	client/tests/e2e/admin.spec.ts:19	F01-043
08-urls-domains	client/tests/e2e/admin.spec.ts:78	F01-043
08-urls-domains	client/tests/e2e/admin.spec.ts:103	F01-043
08-urls-domains	client/tests/e2e/admin.spec.ts:120	F01-043
08-urls-domains	client/tests/e2e/capture.spec.ts:12	F01-043
08-urls-domains	client/tests/e2e/capture.spec.ts:13	F01-043
08-urls-domains	client/tests/e2e/capture.spec.ts:14	F01-043
08-urls-domains	ops/backup/README.md:29	F01-031
08-urls-domains	ops/backup/iam-policy.json:9	F01-031
08-urls-domains	ops/backup/iam-policy.json:10	F01-031
08-urls-domains	ops/backup/install.sh:7	F01-031
08-urls-domains	ops/backup/install.sh:27	F01-031
08-urls-domains	ops/backup/spoh-backup-check.sh:29	F01-031
08-urls-domains	ops/backup/spoh-backup.sh:48	F01-031
08-urls-domains	ops/backup/spoh-restore.sh:30	F01-031
08-urls-domains	server/.env.example:26	F01-029
08-urls-domains	server/.env.example:28	F01-030
08-urls-domains	server/.env.example:29	F01-029
08-urls-domains	server/.env.example:30	F01-029
08-urls-domains	server/.env.example:40	F01-032
08-urls-domains	server/.env.example:63	F01-030
08-urls-domains	server/.env.example:71	F01-037
08-urls-domains	server/prisma/seed.ts:163	F01-016
08-urls-domains	server/prisma/seed.ts:165	F01-016
08-urls-domains	server/prisma/seed.ts:171	F01-016
08-urls-domains	server/prisma/seed.ts:177	F01-016
08-urls-domains	server/prisma/seed.ts:182	F01-016
08-urls-domains	server/prisma/seed.ts:183	F01-016
08-urls-domains	server/prisma/seed.ts:185	F01-016
08-urls-domains	server/prisma/seed.ts:194	F01-016
08-urls-domains	server/prisma/seed.ts:195	F01-016
08-urls-domains	server/prisma/seed.ts:196	F01-016
08-urls-domains	server/prisma/seed.ts:280	F01-016
08-urls-domains	server/prisma/seed.ts:323	F01-016
08-urls-domains	server/prisma/seed.ts:324	F01-016
08-urls-domains	server/prisma/seed.ts:325	F01-016
08-urls-domains	server/prisma/seed.ts:326	F01-016
08-urls-domains	server/prisma/seed.ts:459	F01-016
08-urls-domains	server/scripts/load-test.mjs:38	F01-044
08-urls-domains	server/scripts/load-test.mjs:39	F01-044
08-urls-domains	server/scripts/sync-cognito-subs.mjs:39	F01-030
08-urls-domains	server/scripts/verify-cognito.mjs:19	FP-comment
08-urls-domains	server/scripts/verify-cognito.mjs:43	F01-030
08-urls-domains	server/scripts/verify-cognito.mjs:44	F01-032
08-urls-domains	server/src/config/env.ts:53	F01-030
08-urls-domains	server/src/config/env.ts:56	F01-029
08-urls-domains	server/src/config/env.ts:62	F01-032
08-urls-domains	server/src/config/env.ts:114	F01-030
08-urls-domains	server/src/config/env.ts:247	F01-041
08-urls-domains	server/src/modules/health/router.ts:10	FP-comment
08-urls-domains	server/tests/integration/admin.test.ts:34	F01-043
08-urls-domains	server/tests/integration/admin.test.ts:35	F01-043
08-urls-domains	server/tests/integration/admin.test.ts:36	F01-043
08-urls-domains	server/tests/integration/admin.test.ts:37	F01-043
08-urls-domains	server/tests/integration/admin.test.ts:81	F01-043
08-urls-domains	server/tests/integration/admin.test.ts:108	F01-043
08-urls-domains	server/tests/integration/admin.test.ts:155	F01-043
08-urls-domains	server/tests/integration/admin.test.ts:176	F01-043
08-urls-domains	server/tests/integration/admin.test.ts:223	F01-043
08-urls-domains	server/tests/integration/admin.test.ts:249	F01-043
08-urls-domains	server/tests/integration/admin.test.ts:259	F01-043
08-urls-domains	server/tests/integration/admin.test.ts:323	F01-043
08-urls-domains	server/tests/integration/attendance.test.ts:45	F01-043
08-urls-domains	server/tests/integration/attendance.test.ts:46	F01-043
08-urls-domains	server/tests/integration/attendance.test.ts:47	F01-043
08-urls-domains	server/tests/integration/attendance.test.ts:60	F01-043
08-urls-domains	server/tests/integration/attendance.test.ts:109	F01-043
08-urls-domains	server/tests/integration/auth.test.ts:46	F01-043
08-urls-domains	server/tests/integration/auth.test.ts:50	F01-043
08-urls-domains	server/tests/integration/auth.test.ts:60	F01-043
08-urls-domains	server/tests/integration/auth.test.ts:70	F01-043
08-urls-domains	server/tests/integration/auth.test.ts:75	F01-043
08-urls-domains	server/tests/integration/auth.test.ts:85	F01-043
08-urls-domains	server/tests/integration/auth.test.ts:91	F01-043
08-urls-domains	server/tests/integration/auth.test.ts:95	F01-043
08-urls-domains	server/tests/integration/auth.test.ts:103	F01-043
08-urls-domains	server/tests/integration/auth.test.ts:104	F01-043
08-urls-domains	server/tests/integration/auth.test.ts:113	F01-043
08-urls-domains	server/tests/integration/auth.test.ts:117	F01-043
08-urls-domains	server/tests/integration/auth.test.ts:128	F01-043
08-urls-domains	server/tests/integration/auth.test.ts:146	F01-043
08-urls-domains	server/tests/integration/auth.test.ts:150	F01-043
08-urls-domains	server/tests/integration/auth.test.ts:165	F01-043
08-urls-domains	server/tests/integration/auth.test.ts:184	F01-043
08-urls-domains	server/tests/integration/auth.test.ts:224	F01-043
08-urls-domains	server/tests/integration/auth.test.ts:225	F01-043
08-urls-domains	server/tests/integration/auth.test.ts:229	F01-043
08-urls-domains	server/tests/integration/auth.test.ts:230	F01-043
08-urls-domains	server/tests/integration/auth.test.ts:242	F01-043
08-urls-domains	server/tests/integration/auth.test.ts:243	F01-043
08-urls-domains	server/tests/integration/auth.test.ts:246	F01-043
08-urls-domains	server/tests/integration/capture.test.ts:47	F01-043
08-urls-domains	server/tests/integration/capture.test.ts:48	F01-043
08-urls-domains	server/tests/integration/capture.test.ts:49	F01-043
08-urls-domains	server/tests/integration/comms.test.ts:47	F01-043
08-urls-domains	server/tests/integration/comms.test.ts:48	F01-043
08-urls-domains	server/tests/integration/comms.test.ts:49	F01-043
08-urls-domains	server/tests/integration/comms.test.ts:50	F01-043
08-urls-domains	server/tests/integration/comms.test.ts:51	F01-043
08-urls-domains	server/tests/integration/dashboard.test.ts:52	F01-043
08-urls-domains	server/tests/integration/dashboard.test.ts:53	F01-043
08-urls-domains	server/tests/integration/dashboard.test.ts:54	F01-043
08-urls-domains	server/tests/integration/dashboard.test.ts:55	F01-043
08-urls-domains	server/tests/integration/fallback.test.ts:44	F01-043
08-urls-domains	server/tests/integration/fallback.test.ts:45	F01-043
08-urls-domains	server/tests/integration/fallback.test.ts:46	F01-043
08-urls-domains	server/tests/integration/fallback.test.ts:47	F01-043
08-urls-domains	server/tests/integration/gift.test.ts:44	F01-043
08-urls-domains	server/tests/integration/gift.test.ts:45	F01-043
08-urls-domains	server/tests/integration/lostPerson.test.ts:43	F01-043
08-urls-domains	server/tests/integration/lostPerson.test.ts:44	F01-043
08-urls-domains	server/tests/integration/lostPerson.test.ts:45	F01-043
08-urls-domains	server/tests/integration/missionCard.test.ts:55	F01-043
08-urls-domains	server/tests/integration/missionCard.test.ts:56	F01-043
08-urls-domains	server/tests/integration/missionCard.test.ts:57	F01-043
08-urls-domains	server/tests/integration/missionCard.test.ts:58	F01-043
08-urls-domains	server/tests/integration/rbac.test.ts:143	F01-043
08-urls-domains	server/tests/integration/report.test.ts:49	F01-043
08-urls-domains	server/tests/integration/report.test.ts:50	F01-043
08-urls-domains	server/tests/integration/report.test.ts:51	F01-043
08-urls-domains	server/tests/integration/report.test.ts:52	F01-043
08-urls-domains	server/tests/integration/report.test.ts:53	F01-043
08-urls-domains	server/tests/integration/security.test.ts:40	F01-043
08-urls-domains	server/tests/integration/security.test.ts:41	F01-043
08-urls-domains	server/tests/integration/security.test.ts:42	F01-043
08-urls-domains	server/tests/integration/security.test.ts:180	F01-043
08-urls-domains	server/tests/integration/security.test.ts:195	F01-043
08-urls-domains	server/tests/integration/security.test.ts:283	F01-043
08-urls-domains	server/tests/integration/security.test.ts:285	F01-043
08-urls-domains	server/tests/integration/security.test.ts:289	F01-043
08-urls-domains	server/vitest.config.ts:40	F01-043
08-urls-domains	server/vitest.config.ts:43	F01-043
09-magic-numbers	server/src/modules/admin/router.ts:81	F01-040
09-magic-numbers	server/src/modules/admin/router.ts:92	F01-040
09-magic-numbers	server/src/modules/admin/router.ts:111	F01-040
09-magic-numbers	server/src/modules/admin/router.ts:124	F01-040
09-magic-numbers	server/src/modules/admin/router.ts:136	F01-040
09-magic-numbers	server/src/modules/admin/router.ts:152	F01-040
09-magic-numbers	server/src/modules/admin/router.ts:164	F01-040
09-magic-numbers	server/src/modules/admin/router.ts:185	F01-040
09-magic-numbers	server/src/modules/admin/router.ts:196	F01-040
09-magic-numbers	server/src/modules/admin/router.ts:208	F01-040
09-magic-numbers	server/src/modules/admin/router.ts:224	F01-040
09-magic-numbers	server/src/modules/admin/router.ts:235	F01-040
09-magic-numbers	server/src/modules/admin/router.ts:247	F01-040
09-magic-numbers	server/src/modules/admin/router.ts:262	F01-040
09-magic-numbers	server/src/modules/admin/router.ts:274	F01-040
09-magic-numbers	server/src/modules/admin/router.ts:303	F01-040
09-magic-numbers	server/src/modules/admin/router.ts:325	F01-040
09-magic-numbers	server/src/modules/admin/service.ts:41	FP-comment
09-magic-numbers	server/src/modules/admin/service.ts:178	F01-040
09-magic-numbers	server/src/modules/admin/service.ts:186	F01-040
09-magic-numbers	server/src/modules/admin/service.ts:205	F01-040
09-magic-numbers	server/src/modules/admin/service.ts:216	F01-040
09-magic-numbers	server/src/modules/admin/service.ts:241	F01-040
09-magic-numbers	server/src/modules/admin/service.ts:634	F01-041
09-magic-numbers	server/src/modules/admin/service.ts:681	F01-041
09-magic-numbers	server/src/modules/admin/service.ts:723	F01-041
09-magic-numbers	server/src/modules/announcement/router.ts:41	F01-040
09-magic-numbers	server/src/modules/announcement/router.ts:59	F01-040
09-magic-numbers	server/src/modules/announcement/router.ts:75	F01-040
09-magic-numbers	server/src/modules/announcement/service.ts:189	F01-041
09-magic-numbers	server/src/modules/attendance/service.ts:213	F01-041
09-magic-numbers	server/src/modules/attendance/tokens.ts:10	F01-041
09-magic-numbers	server/src/modules/attendance/tokens.ts:31	F01-041
09-magic-numbers	server/src/modules/attendance/tokens.ts:32	F01-041
09-magic-numbers	server/src/modules/attendance/tokens.ts:55	F01-041
09-magic-numbers	server/src/modules/attendance/tokens.ts:56	F01-041
09-magic-numbers	server/src/modules/audit/router.ts:21	F01-041
09-magic-numbers	server/src/modules/audit/router.ts:22	F01-041
09-magic-numbers	server/src/modules/audit/router.ts:60	F01-040
09-magic-numbers	server/src/modules/auth/router.ts:97	F01-041
09-magic-numbers	server/src/modules/auth/router.ts:152	F01-040
09-magic-numbers	server/src/modules/auth/router.ts:166	F01-041
09-magic-numbers	server/src/modules/auth/router.ts:185	F01-040
09-magic-numbers	server/src/modules/auth/router.ts:188	F01-041
09-magic-numbers	server/src/modules/auth/router.ts:189	F01-041
09-magic-numbers	server/src/modules/auth/router.ts:242	F01-040
09-magic-numbers	server/src/modules/auth/router.ts:304	F01-040
09-magic-numbers	server/src/modules/auth/router.ts:310	F01-040
09-magic-numbers	server/src/modules/auth/router.ts:326	F01-040
09-magic-numbers	server/src/modules/auth/router.ts:338	F01-040
09-magic-numbers	server/src/modules/auth/router.ts:341	F01-041
09-magic-numbers	server/src/modules/auth/router.ts:363	F01-040
09-magic-numbers	server/src/modules/auth/service.ts:18	FP-comment
09-magic-numbers	server/src/modules/auth/service.ts:153	F01-040
09-magic-numbers	server/src/modules/auth/service.ts:182	F01-040
09-magic-numbers	server/src/modules/auth/service.ts:189	F01-040
09-magic-numbers	server/src/modules/auth/tokens.ts:53	F01-041
09-magic-numbers	server/src/modules/auth/tokens.ts:110	FP-comment
09-magic-numbers	server/src/modules/auth/tokens.ts:117	F01-041
09-magic-numbers	server/src/modules/dashboard/repo.ts:82	FP-comment
09-magic-numbers	server/src/modules/dashboard/router.ts:19	FP-comment
09-magic-numbers	server/src/modules/dashboard/router.ts:20	FP-comment
09-magic-numbers	server/src/modules/dashboard/router.ts:27	F01-040
09-magic-numbers	server/src/modules/dashboard/router.ts:36	F01-040
09-magic-numbers	server/src/modules/dashboard/router.ts:47	F01-040
09-magic-numbers	server/src/modules/dashboard/service.ts:77	F01-041
09-magic-numbers	server/src/modules/dashboard/service.ts:252	F01-041
09-magic-numbers	server/src/modules/devAuth/router.ts:58	F01-040
09-magic-numbers	server/src/modules/devAuth/router.ts:61	F01-042
09-magic-numbers	server/src/modules/fallback/repo.ts:4	FP-comment
09-magic-numbers	server/src/modules/fallback/router.ts:39	FP-comment
09-magic-numbers	server/src/modules/fallback/router.ts:50	F01-040
09-magic-numbers	server/src/modules/fallback/router.ts:62	F01-040
09-magic-numbers	server/src/modules/fallback/router.ts:78	F01-040
09-magic-numbers	server/src/modules/fallback/router.ts:99	F01-040
09-magic-numbers	server/src/modules/fallback/router.ts:115	F01-040
09-magic-numbers	server/src/modules/fallback/service.ts:19	FP-comment
09-magic-numbers	server/src/modules/fallback/service.ts:90	F01-040
09-magic-numbers	server/src/modules/fallback/service.ts:140	F01-040
09-magic-numbers	server/src/modules/fallback/service.ts:150	F01-040
09-magic-numbers	server/src/modules/fallback/service.ts:203	F01-041
09-magic-numbers	server/src/modules/footfall/repo.ts:10	FP-comment
09-magic-numbers	server/src/modules/footfall/repo.ts:84	FP-comment
09-magic-numbers	server/src/modules/footfall/repo.ts:89	FP-comment
09-magic-numbers	server/src/modules/footfall/repo.ts:98	F01-041
09-magic-numbers	server/src/modules/footfall/router.ts:47	F01-040
09-magic-numbers	server/src/modules/footfall/router.ts:54	FP-comment
09-magic-numbers	server/src/modules/footfall/router.ts:66	F01-040
09-magic-numbers	server/src/modules/footfall/router.ts:79	F01-040
09-magic-numbers	server/src/modules/footfall/router.ts:90	F01-040
09-magic-numbers	server/src/modules/footfall/router.ts:99	F01-040
09-magic-numbers	server/src/modules/footfall/service.ts:104	FP-comment
09-magic-numbers	server/src/modules/footfall/service.ts:107	FP-comment
09-magic-numbers	server/src/modules/footfall/service.ts:125	FP-comment
09-magic-numbers	server/src/modules/footfall/service.ts:163	F01-040
09-magic-numbers	server/src/modules/gift/router.ts:35	F01-040
09-magic-numbers	server/src/modules/gift/router.ts:49	F01-040
09-magic-numbers	server/src/modules/gift/router.ts:63	F01-040
09-magic-numbers	server/src/modules/gift/router.ts:73	F01-040
09-magic-numbers	server/src/modules/gift/service.ts:65	FP-comment
09-magic-numbers	server/src/modules/gift/service.ts:70	F01-040
09-magic-numbers	server/src/modules/gift/service.ts:101	F01-040
09-magic-numbers	server/src/modules/health/router.ts:16	F01-040
09-magic-numbers	server/src/modules/health/router.ts:23	F01-040
09-magic-numbers	server/src/modules/health/router.ts:26	F01-040
09-magic-numbers	server/src/modules/identity/provider.ts:99	FP-comment
09-magic-numbers	server/src/modules/identity/provider.ts:140	F01-041
09-magic-numbers	server/src/modules/incident/router.ts:46	F01-040
09-magic-numbers	server/src/modules/incident/router.ts:58	F01-040
09-magic-numbers	server/src/modules/incident/router.ts:75	F01-040
09-magic-numbers	server/src/modules/incident/router.ts:89	F01-040
09-magic-numbers	server/src/modules/lostFound/router.ts:38	F01-040
09-magic-numbers	server/src/modules/lostFound/router.ts:53	F01-040
09-magic-numbers	server/src/modules/lostFound/router.ts:68	F01-040
09-magic-numbers	server/src/modules/lostFound/router.ts:79	F01-040
09-magic-numbers	server/src/modules/lostFound/service.ts:20	FP-comment
09-magic-numbers	server/src/modules/lostFound/service.ts:127	F01-040
09-magic-numbers	server/src/modules/lostPerson/router.ts:30	F01-040
09-magic-numbers	server/src/modules/lostPerson/router.ts:35	FP-comment
09-magic-numbers	server/src/modules/lostPerson/router.ts:44	F01-040
09-magic-numbers	server/src/modules/lostPerson/router.ts:57	F01-040
09-magic-numbers	server/src/modules/lostPerson/router.ts:70	F01-040
09-magic-numbers	server/src/modules/lostPerson/service.ts:91	FP-comment
09-magic-numbers	server/src/modules/lostPerson/service.ts:146	F01-040
09-magic-numbers	server/src/modules/lostPerson/service.ts:179	FP-comment
09-magic-numbers	server/src/modules/lostPerson/service.ts:186	F01-041
09-magic-numbers	server/src/modules/lostPerson/service.ts:239	FP-comment
09-magic-numbers	server/src/modules/lostPerson/service.ts:244	FP-comment
09-magic-numbers	server/src/modules/me/router.ts:16	F01-040
09-magic-numbers	server/src/modules/me/router.ts:27	F01-040
09-magic-numbers	server/src/modules/me/router.ts:39	F01-040
09-magic-numbers	server/src/modules/me/service.ts:21	FP-comment
09-magic-numbers	server/src/modules/me/service.ts:66	F01-041
09-magic-numbers	server/src/modules/me/service.ts:89	F01-040
09-magic-numbers	server/src/modules/me/service.ts:142	F01-040
09-magic-numbers	server/src/modules/media/router.ts:27	F01-040
09-magic-numbers	server/src/modules/media/router.ts:42	F01-040
09-magic-numbers	server/src/modules/media/router.ts:46	F01-041
09-magic-numbers	server/src/modules/media/router.ts:55	F01-040
09-magic-numbers	server/src/modules/media/service.ts:21	FP-comment
09-magic-numbers	server/src/modules/media/service.ts:54	F01-040
09-magic-numbers	server/src/modules/missionCard/repo.ts:63	FP-comment
09-magic-numbers	server/src/modules/missionCard/router.ts:54	F01-040
09-magic-numbers	server/src/modules/missionCard/router.ts:64	F01-040
09-magic-numbers	server/src/modules/missionCard/router.ts:76	F01-040
09-magic-numbers	server/src/modules/missionCard/router.ts:90	F01-040
09-magic-numbers	server/src/modules/missionCard/router.ts:105	FP-comment
09-magic-numbers	server/src/modules/missionCard/router.ts:107	F01-040
09-magic-numbers	server/src/modules/missionCard/router.ts:119	F01-040
09-magic-numbers	server/src/modules/missionCard/router.ts:131	F01-040
09-magic-numbers	server/src/modules/missionCard/service.ts:53	F01-040
09-magic-numbers	server/src/modules/missionCard/service.ts:75	F01-040
09-magic-numbers	server/src/modules/missionCard/service.ts:79	F01-040
09-magic-numbers	server/src/modules/missionCard/service.ts:121	FP-comment
09-magic-numbers	server/src/modules/missionCard/service.ts:136	F01-040
09-magic-numbers	server/src/modules/missionCard/service.ts:151	F01-040
09-magic-numbers	server/src/modules/missionCard/service.ts:154	F01-040
09-magic-numbers	server/src/modules/missionCard/service.ts:225	F01-040
09-magic-numbers	server/src/modules/missionCard/service.ts:228	F01-040
09-magic-numbers	server/src/modules/missionCard/service.ts:263	F01-040
09-magic-numbers	server/src/modules/missionCard/service.ts:274	F01-040
09-magic-numbers	server/src/modules/missionCard/service.ts:281	F01-040
09-magic-numbers	server/src/modules/missionCard/service.ts:285	F01-040
09-magic-numbers	server/src/modules/notification/router.ts:33	F01-040
09-magic-numbers	server/src/modules/notification/router.ts:58	F01-041
09-magic-numbers	server/src/modules/notification/router.ts:61	F01-040
09-magic-numbers	server/src/modules/notification/router.ts:65	F01-041
09-magic-numbers	server/src/modules/notification/router.ts:78	FP-comment
09-magic-numbers	server/src/modules/notification/router.ts:80	F01-040
09-magic-numbers	server/src/modules/notification/service.ts:16	FP-comment
09-magic-numbers	server/src/modules/notification/service.ts:73	F01-038
09-magic-numbers	server/src/modules/notification/service.ts:74	F01-038
09-magic-numbers	server/src/modules/notification/service.ts:75	F01-038
09-magic-numbers	server/src/modules/notification/service.ts:76	F01-038
09-magic-numbers	server/src/modules/notification/service.ts:77	F01-038
09-magic-numbers	server/src/modules/notification/service.ts:208	FP-comment
09-magic-numbers	server/src/modules/notification/service.ts:210	F01-040
09-magic-numbers	server/src/modules/registration/repo.ts:12	FP-comment
09-magic-numbers	server/src/modules/registration/router.ts:53	F01-040
09-magic-numbers	server/src/modules/registration/router.ts:72	F01-040
09-magic-numbers	server/src/modules/registration/router.ts:85	F01-040
09-magic-numbers	server/src/modules/registration/router.ts:96	F01-040
09-magic-numbers	server/src/modules/registration/service.ts:194	F01-040
09-magic-numbers	server/src/modules/report/export.ts:5	FP-comment
09-magic-numbers	server/src/modules/report/export.ts:21	F01-025
09-magic-numbers	server/src/modules/report/export.ts:29	F01-025
09-magic-numbers	server/src/modules/report/export.ts:30	F01-025
09-magic-numbers	server/src/modules/report/export.ts:47	F01-001
09-magic-numbers	server/src/modules/report/export.ts:71	F01-041
09-magic-numbers	server/src/modules/report/export.ts:73	F01-001
09-magic-numbers	server/src/modules/report/export.ts:84	F01-041
09-magic-numbers	server/src/modules/report/export.ts:96	F01-041
09-magic-numbers	server/src/modules/report/export.ts:104	F01-041
09-magic-numbers	server/src/modules/report/export.ts:127	F01-041
09-magic-numbers	server/src/modules/report/export.ts:135	F01-039
09-magic-numbers	server/src/modules/report/export.ts:146	F01-039
09-magic-numbers	server/src/modules/report/export.ts:160	F01-041
09-magic-numbers	server/src/modules/report/export.ts:166	F01-041
09-magic-numbers	server/src/modules/report/export.ts:192	F01-041
09-magic-numbers	server/src/modules/report/export.ts:217	F01-039
09-magic-numbers	server/src/modules/report/export.ts:218	F01-041
09-magic-numbers	server/src/modules/report/export.ts:219	F01-041
09-magic-numbers	server/src/modules/report/export.ts:220	F01-041
09-magic-numbers	server/src/modules/report/export.ts:221	F01-041
09-magic-numbers	server/src/modules/report/export.ts:222	F01-041
09-magic-numbers	server/src/modules/report/export.ts:223	F01-041
09-magic-numbers	server/src/modules/report/export.ts:270	F01-041
09-magic-numbers	server/src/modules/report/export.ts:276	F01-041
09-magic-numbers	server/src/modules/report/export.ts:292	F01-041
09-magic-numbers	server/src/modules/report/export.ts:363	F01-001
09-magic-numbers	server/src/modules/report/export.ts:384	F01-041
09-magic-numbers	server/src/modules/report/export.ts:433	FP-comment
09-magic-numbers	server/src/modules/report/repo.ts:5	FP-comment
09-magic-numbers	server/src/modules/report/repo.ts:48	F01-024
09-magic-numbers	server/src/modules/report/repo.ts:62	F01-041
09-magic-numbers	server/src/modules/report/repo.ts:81	F01-024
09-magic-numbers	server/src/modules/report/repo.ts:104	F01-039
09-magic-numbers	server/src/modules/report/repo.ts:111	F01-039
09-magic-numbers	server/src/modules/report/repo.ts:166	F01-041
09-magic-numbers	server/src/modules/report/repo.ts:190	F01-041
09-magic-numbers	server/src/modules/report/repo.ts:219	FP-comment
09-magic-numbers	server/src/modules/report/repo.ts:234	FP-comment
09-magic-numbers	server/src/modules/report/router.ts:26	F01-040
09-magic-numbers	server/src/modules/report/router.ts:42	F01-041
09-magic-numbers	server/src/modules/report/router.ts:47	F01-040
09-magic-numbers	server/src/modules/report/router.ts:57	F01-040
09-magic-numbers	server/src/modules/report/service.ts:31	FP-comment
09-magic-numbers	server/src/modules/report/service.ts:34	FP-comment
09-magic-numbers	server/src/modules/report/service.ts:217	F01-039
09-magic-numbers	server/src/modules/report/service.ts:288	FP-comment
09-magic-numbers	server/src/modules/report/service.ts:353	F01-041
09-magic-numbers	server/src/modules/report/service.ts:359	F01-041
09-magic-numbers	server/src/modules/roster/repo.ts:98	F01-041
09-magic-numbers	server/src/modules/roster/router.ts:33	F01-040
09-magic-numbers	server/src/modules/roster/router.ts:49	F01-040
09-magic-numbers	server/src/modules/roster/router.ts:66	F01-040
09-magic-numbers	server/src/modules/roster/router.ts:84	F01-040
09-magic-numbers	server/src/modules/roster/service.ts:84	FP-comment
09-magic-numbers	server/src/modules/roster/service.ts:94	FP-comment
09-magic-numbers	server/src/modules/roster/service.ts:114	FP-comment
09-magic-numbers	server/src/modules/shift/repo.ts:23	F01-041
09-magic-numbers	server/src/modules/shift/repo.ts:126	F01-041
09-magic-numbers	server/src/modules/shift/repo.ts:230	FP-comment
09-magic-numbers	server/src/modules/shift/router.ts:52	F01-040
09-magic-numbers	server/src/modules/shift/router.ts:64	F01-040
09-magic-numbers	server/src/modules/shift/router.ts:75	F01-040
09-magic-numbers	server/src/modules/shift/router.ts:89	F01-040
09-magic-numbers	server/src/modules/shift/router.ts:106	F01-040
09-magic-numbers	server/src/modules/shift/router.ts:120	F01-040
09-magic-numbers	server/src/modules/shift/router.ts:130	F01-040
09-magic-numbers	server/src/modules/shift/service.ts:44	FP-comment
09-magic-numbers	server/src/modules/shift/service.ts:70	F01-040
09-magic-numbers	server/src/modules/shift/service.ts:89	F01-040
09-magic-numbers	server/src/modules/shift/service.ts:133	F01-040
09-magic-numbers	server/src/modules/shift/service.ts:152	F01-040
09-magic-numbers	server/src/modules/shift/service.ts:215	F01-040
09-magic-numbers	server/src/modules/station/router.ts:16	F01-040
09-magic-numbers	server/src/modules/station/service.ts:24	F01-040
09-magic-numbers	server/src/modules/station/service.ts:43	F01-040
